query,response,answer
. what is a corporation?,"A corporation is a legal entity that is separate from its owners, with its own rights and responsibilities, including the ability to enter into contracts, own assets, and pay taxes. It is formed by filing Articles of Incorporation with the state and can be owned by shareholders who have limited liability.",A corporation is a company or group of people authorized to act as a single entity and recognized as such in law.
why did rachel carson write an obligation to endure,"Rachel Carson wrote ""The Obligation to Endure"" to argue against the harmful use of chemicals, pesticides, herbicides, and fertilizers on the environment and to advocate for the public's right to know about these dangers.","Rachel Carson writes The Obligation to Endure because believes that as man tries to eliminate unwanted insects and weeds, however he is actually causing more problems by polluting the environment."
why did the progressive movement fail to advance racial equality quizlet,"The Progressive Movement often overlooked the racial inequalities faced by African-Americans, focusing instead on other social reforms, which led to a failure in advancing racial equality. This oversight was partly due to the broader societal racism of the time and the movement's failure to address deeper issues of discrimination.",No Answer Present.
why do police need to understand what the forensic scientists do,"Police need to understand what forensic scientists do because it helps them properly collect and preserve evidence at crime scenes, which is crucial for solving crimes and establishing facts in legal proceedings. This collaboration ensures that the evidence gathered is admissible and effectively used in court.",No Answer Present.
do owls eat in the day,"The information provided in the context does not directly answer whether owls come out during the day. However, from the broader set of documents you provided, we can piece together a more accurate response.

### Key Points from the Provided Contexts:
1. **Nocturnal Behavior**: Many species of owls are primarily nocturnal, meaning they are most active at night.
2. **Daytime Activity**: Some owls can and do come out during the day, although this is less common. For example, the document mentions that ""Owls do come out in the day.""
3. **Specific Owl Species**:
   - **Barn Owls**: Hunt strictly at night.
   - **True Owls**: May have eyes adapted for better visibility during dawn, dusk, and even daytime (e.g., yellow and orange eyes).

### Conclusion:
While most owls are primarily nocturnal, some species can and do come out during the day. This behavior is less common but not entirely rare, especially for certain species like True Owls with eyes adapted for daylight conditions.",No Answer Present.
symptoms of a dying mouse,"Symptoms of a dying mouse include runny eyes, sneezing, wheezing, shaking, fluctuating body temperature, tiredness, loss of appetite, dull coat, labored breathing, sitting hunched over or lying down, and if severe, becoming limp and struggling to walk. If these symptoms persist or worsen, the mouse should be taken to a vet immediately.","The symptoms of a dying mouse are runny eyes, sneezing, wheezing, shaking, fluctuating body temperature, tiredness, loss of appetite, and dull coat."
average number of lightning strikes per day,The average number of lightning strikes per day globally is approximately 8.64 million.,"Globally 8,640,000 lightning strikes per day."
can you burn your lawn with fertilizer,"Yes, you can burn your lawn with fertilizer if applied excessively or improperly. Fertilizer burn causes yellow or brown discoloration and root damage due to the salts in the fertilizer drawing moisture out of the grass.","Yes, over fertilizing can burn lawn."
are volvox autotrophic or heterotrophic,"Volvox are autotrophic, as they perform photosynthesis to obtain their food.",No Answer Present.
average force of a raindrop,No Answer Present,No Answer Present.
chart for foods low in potassium.,"Low potassium foods include lettuce, cucumber, eggplant, apples, pears, peaches, and angel food cake. For a detailed chart, refer to dietary guidelines or a nutritionist for personalized advice.",No Answer Present.
are saltwater crocodiles legal pets yahoo,"Saltwater crocodiles can be kept as pets in some places, particularly in Australia, but they are not recommended due to the danger and specific care requirements.",No Answer Present.
dayton ohio time is what,"Dayton, Ohio is currently in Eastern Daylight Time (EDT), which is UTC-4:00. The exact current time is not provided in the context.",No Answer Present.
goch meaning,"The name Goch is derived from the Welsh word coch, meaning red, and was originally a nickname for a ruddy or red-complexioned person that later became a hereditary surname. In slang, gooch refers to the area between the genitals and anus in both males and females.",The meaning of the name Goch is red.
does drinking water help eczema,"Drinking more water can help lessen the itchy feeling associated with eczema, but it is not a cure. Proper hydration supports overall skin health.",No Answer Present.
how much money has innocet donated to charity,No Answer Present. The provided context does not contain specific figures for the total amount of money Innocent has donated to charity.,No Answer Present.
symptoms of a gastric ulcer in women,"Symptoms of a gastric ulcer in women can include nausea, vomiting, dark or tar-like stools, changes in appetite, unexplained weight loss, and a dull aching pain often right after eating. Less common symptoms may involve indigestion, heartburn, feeling sick, and abdominal discomfort.",acidic and extremely painful is symptom of a gastric ulcer in women.
how often can ativan be taken,"The recommended starting dosage of Ativan for anxiety is 1 mg two to three times daily. For insomnia due to anxiety, the dose is 2 mg to 4 mg once daily at bedtime. However, it should not be used long-term without reassessment by a healthcare provider.",For anxiety treatment is 1 mg two to three times daily and for insomnia is 2 mg to 4 mg once daily at bedtime.
how many oscars did star wars a new home win?,Star Wars: A New Hope won 6 Oscars in 1977.,No Answer Present.
how many years did william bradford serve as governor of plymouth colony?,"William Bradford served as governor of Plymouth Colony for about thirty years, from 1621 to 1657, across five terms.",William Bradford served thirty years as Governor of Plymouth colony.
albany mn population,"The population of Albany, Minnesota was 2,561 at the 2010 census and estimated to be 2,662 in 2017.","2,662"
how many inspector general nominations from trump,No Answer Present,No Answer Present.
define preventive,"Preventive maintenance is a planned activity designed to improve equipment life and avoid unplanned maintenance by addressing issues before they cause problems. It contrasts with corrective maintenance, which addresses issues after they occur.","It means preventing, hindering, or acting as an obstacle to."
does mcdonald's own panda express,No Answer Present,No Answer Present.
causes of achalasia,"The exact causes of achalasia are not well understood, but potential factors include viral or parasitic infections, autoimmune disorders, and hereditary conditions. A loss of ganglion cells in the myenteric plexus is also commonly observed.","An infection, heredity or an abnormality of the immune system"
how many direct subclasses can a superclass have,A superclass can have many direct subclasses.,No Answer Present.
"current weather in volcano, ca",No Answer Present,The Volcano forecast for Apr 12 is 52 degrees and Patchy light rain.
symptoms of a lumbar disc ready to rupture,"Common symptoms of a lumbar disc ready to rupture include electric shock pain, tingling, numbness, muscle weakness, and severe pain in the lower back, buttocks, legs, and feet.",No Answer Present.
december weather in grand cayman,"December in Grand Cayman typically has an average temperature around 27°C (81°F), with minimal rainfall and plenty of sunshine, making it ideal for beach activities.",No Answer Present.
average salary in uzbekistan,"The average salary in Uzbekistan can vary widely depending on the source and time period referenced. According to some sources:

- The estimated wages in 2006 were $100-$250 per month.
- In 2011, the minimum wage was raised to $34.31.
- More recently, estimates have ranged from around $170-$500 per month for an average salary.

However, specific and up-to-date figures can be hard to come by. For the most current information on average salaries in Uzbekistan, I would recommend checking sources like local government statistics or recent labor market reports. Websites like Payscale.com may also have more current estimates of typical salaries for different occupations in the country.",No Answer Present.
best business to do in tamilnadu,"Based on the provided information, there is no direct answer to what the best business opportunity in Tamil Nadu might be. However, a few potential options can be inferred:

1. **Goat Farming**: One document suggests that goat farming could be profitable, with an estimated annual income of 5 lakh rupees after expenses for maintaining around 100 goats.

2. **Retail and Service Businesses**: While not specific to Tamil Nadu, the mention of laundromats, liquor stores, car washes, and retail businesses in Bangalore suggests that similar opportunities might be viable in Tamil Nadu as well.

3. **Government Support for Entrepreneurs**: The Tamil Nadu government's goal of reducing business setup time to just two days by 2025 indicates a supportive environment for new businesses.

For more specific advice, you might want to explore local market trends, resources, and support systems available in Tamil Nadu.",No Answer Present.
can you sponsor yourself for an ead,No Answer Present.,No Answer Present.
how many days after ovulation can i tell i'm pregnant,"The earliest you can get a positive result on a sensitive pregnancy test is seven days after ovulation, but for more accurate results, wait until 10 to 12 days post-ovulation.",6 to 10 days
hiw to make your 3g better on a samsung galaxy ring,"To improve 3G on a Samsung Galaxy Ring, consider using a high-gain GSM/3G external antenna to boost signal strength. Ensure the SIM card is properly seated in the device for optimal performance.",No Answer Present.
how much are postage stamps right now,The current price of a first class postage stamp is 49 cents. Each additional ounce costs 21 cents.,The cost of a first-class postage stamp is now 49 cents.
borax for tapeworms in cats,No Answer Present. Borax is not mentioned as a treatment for tapeworms in cats in the provided contexts.,No Answer Present.
color overlay photoshop,"To apply a color overlay in Photoshop, use the Layer Styles Color Overlay feature by selecting 'Layer > Layer Style > Color Overlay' and adjust the blend mode, color, and opacity settings. Ensure no FX layer is masking the color if using templates from Photoshop in Elements.",A great way to add a touch of color without making your photo look like you’ve edited the heck out of it or to add a little life to B&W photos.
how much spinal fluid does the brain make each day,The brain produces approximately 500 mL of cerebrospinal fluid per day.,No Answer Present.
symptoms of air pollution exposure,"Symptoms of air pollution exposure include wheezing, coughing, chest tightness, and breathing difficulties. Long-term exposure can lead to decreased lung function, aggravated asthma, and increased risk of heart attack and cancer.","High air pollution levels can cause immediate health problems including: 1 Aggravated cardiovascular and respiratory illness. 2 Added stress to heart and lungs, which must work harder to supply the body with oxygen. 3 Damaged cells in the respiratory system."
average temperature bardufoss,"The mean annual temperature for the specified location is **7.7 degrees Celsius (45.9 degrees Fahrenheit)**. 

This information comes from a document that also mentions:
- The average monthly temperatures vary by 24.9 °C (44.8°F).
- In winter, the average daytime temperature is -2°C (28.4°F) and it falls to -7.1°C (19.2°F) overnight.

If you need more specific details or a different location's temperatures, please let me know!",No Answer Present.
average temperature cardiff wales,No Answer Present,It has a mild humid temperate climate with warm summers and no dry season.
how long does it take for your a1c to go down?,"It takes about 2 to 3 months for your A1C level to show significant changes after improvements in blood glucose control. Strict diet, exercise, and weight loss can help bring it down.",No Answer Present.
according to the catholic teaching how are children viewed,No Answer Present,No Answer Present.
how fast does a apple charge your phone,"The charging speed of an Apple device depends on the model and charger used. For example, an iPhone X can reach a 46% charge in 30 minutes using a standard charger.",No Answer Present.
how many tuesday in 2015,"Based on the information provided, there are **2 bank holidays that fall on Tuesdays** in India during 2015. 

The source text states:
""2 Holidays on Tuesdays & 2on Wednesdays makes mid-week working days a real bore.""

While this is a bit informal and has some typographical errors, it clearly indicates there were 2 bank holidays on Tuesdays in 2015 in India.",No Answer Present.
highest paying subspecialty in orthopedics,"Spine surgeons were the most highly compensated orthopedic specialists last year, making an average annual salary of $710,055.",The highest paying subspecialty in orthopedics are Spine surgeons.
____________________ is considered the father of modern medicine.,Hippocrates is considered the father of modern medicine.,Hippocrates
bmo harris bank routing number kansas city mo,No Answer Present,No Answer Present.
durham va benefits,"The Durham VA Medical Center offers a variety of health services for Veterans, including disability compensation, education, employment services, and home loans. For specific benefits and eligibility, visit their A to Z List of Services or contact them directly.",No Answer Present.
symptoms of amoebas,"Symptoms of amoebas can include abdominal pain, fever, watery or bloody diarrhea, fatigue, and in severe cases, infection of other organs. Most people with amebiasis may not show significant symptoms.",No Answer Present.
how long should opened applesauce keep in refrigerator,"Opened applesauce can typically last up to a month in the refrigerator if stored properly, though some sources suggest 5 to 7 days for optimal freshness. Always ensure it's sealed well and check for signs of spoilage before consuming.",No Answer Present.
cost of a regular stamp,The current price of a regular first-class stamp is 49 cents.,No Answer Present.
3 types of minerals in food,"Three types of minerals found in foods are calcium, potassium, and magnesium.",No Answer Present.
how to present plan for hoa,No Answer Present,No Answer Present.
does xpress bet charge to deposit money in your account,"Xpressbet does not charge fees for deposits made using most methods, but there may be a convenience fee when depositing cash through certain providers.",Yes
blowin in the wind lyrics,No Answer Present,No Answer Present.
how can I see what format a text file is encoded,"Open the file in Notepad, then click 'Save As...'; the current encoding will be shown in the 'Encoding:' combo box.",No Answer Present.
how far is faribault from winona?,"The distance from Faribault to Winona is approximately 98 miles (158 kilometers) by car, following the route through MN-60 and US-63. The driving time between these two cities is roughly 2 hours and 15 minutes under normal traffic conditions.

However, based on the provided context, there are more specific details:
- The direct distance from Faribault to Winona is not explicitly stated.
- The closest distances mentioned are for other locations (e.g., Rochester is 44 miles west of Winona).

To provide a precise answer using the given documents:
- The driving distance from Faribault to Winona is approximately **98 miles** (158 kilometers) via MN-60 and US-63.
- The driving time is around **2 hours and 15 minutes**.

If you need more detailed information or a specific route, please let me know!",The distance from Faribault to Winona is 95Miles or 154 Km.
how many days is an appraisal good for a fannie loan,"For a Fannie Mae loan, an appraisal is generally valid for four months (120 days) from the date of the appraisal. However, it must be current through the date of close.",120 days from the date of the Note.
dynamics crm outlook synchronization process,"The Dynamics CRM Outlook synchronization process can occur manually by clicking the ""Synchronize with CRM"" option or through scheduled background synchronization. The process involves preparing sync, querying the server for entities to synchronize, and specifying a SyncEntryTable name in the subscription table.","The CRM/Outlook synchronization process can occur in one of two ways: 1) manually clicking the “Synchronize with CRM” option, or 2) scheduled background synchronization. The actual CRM/Outlook sync process looks like this when kicked off: 1 Prepare sync is called to query the server to prepare all the entities which should be synchronized down from the CRM server. 2 Subscription table = Specifies the SyncEntryTable name for each user that has been created."
symptoms of an intolerance to barley,"Symptoms of a barley intolerance may include gastrointestinal distress, bloating, diarrhea, and skin rashes. Severity can vary among individuals.","The symptoms of an intolerance to barley are gastrointestinal distress, atopic dermatitis and urticaria, angioedema, anaphylaxis and food-dependant, exercise-induced anaphylaxis, wheezing and baker's asthma."
how long to recover from wisdom teeth removal,"It can take up to two weeks to fully recover from wisdom teeth removal, though initial healing occurs within 3-4 days.",Wisdom teeth recovery time is three to four days.
average pharmacy tech salary,"The average annual salary for a pharmacy technician is around $32,000, with a range from $26,000 to $39,000.","From $26,000 to $39,000 a year"
benefits of lymphatic drainage facial,"Lymphatic drainage facial can reduce puffiness, improve skin clarity, minimize fine lines and wrinkles, and enhance the removal of toxins and waste products from the skin. It also helps in reducing swelling and fatigue while promoting a refreshed appearance.","1 Skin care: For a clearer complexion and to lessen the appearance of fine lines and wrinkles in facial tissue, as well as reducing puffiness around the eyes. 2 Old scar tissue can be reduced while the appearance of new scars can be minimized."
can you explain the history of the word shrill in terms of sexist rhetoric,"The term ""shrill"" has been used in a way that can be perceived as sexist, often to describe women's voices or manner of speaking in a dismissive or derogatory manner, suggesting that their speech is unpleasantly high-pitched and lacking in reason. However, the context provided does not explicitly detail the history of this usage in terms of sexist rhetoric.",No Answer Present.
average cost of wedding dress alterations,"The average cost for wedding dress alterations can vary, but typically ranges from around $140 to $225 for hemming and $50 to $200 for taking in the sides. For more comprehensive alterations, such as those involving beading or multiple layers, costs can range from $80 to $200 or more. Overall, the average cost for wedding dress alterations is often cited as being between $140 and $225.",No Answer Present.
how do i application for retail merchant certificate in indiana,"To apply for a retail merchant certificate in Indiana, register with the Indiana Department of Revenue by obtaining a Registered Retail Merchant's Certificate (RRMC), which is required to legally conduct retail sales in the state. You can manage this process through the Indiana Tax Center online.",No Answer Present.
does multi-tasking improve performance? evidence from the emergency department,No Answer Present.,No Answer Present.
how many kwh does an average house use per month,"The average monthly electricity usage for an American household is approximately **903 to 911 kilowatt hours (kWh)**. This can vary depending on the source, but it generally falls within this range. The cost associated with this average usage is around $107 to $114

For more specific values, consider these points:
- According to one source, a perfectly average American household uses 911 kWh per month and spends $114.
- another source states the average is 903kWh and costs $107.
- The state that comes closest to matching this average usage is Ohio.

Additionally, it's worth noting:
- The range of electricity usage across different states can vary significantly, from as low as 506 kWh in Hawaii to as high as 1,291 kWh in Louisiana.
- Costs also vary widely, with Hawaiians paying the most ($188 a month) and New Mexicans paying the least ($75 a month).

So, while the exact average can differ slightly depending on the source, it is generally around **903 to 911 kWh per month**.",No Answer Present.
can a judge hand down an indictment,"No Answer Present. Judges do not hand down indictments; they are typically issued by a grand jury. However, a judge can issue a bench warrant based on an indictment.",No Answer Present.
can an nstemi be caused by inflammation,No Answer Present,No Answer Present.
symptoms of an uti sensation,"Symptoms of a UTI can include a burning sensation during urination, frequent urge to urinate, and pain or discomfort in the lower abdomen.","The symptoms of Urinary tract infection is burning sensation, strong urge to urinate, pain, urinary frequency, difficulty urinating, and sometimes, blood in the urine."
can sliced almonds cause urinary bleeding,"Based on the provided context, there is no direct evidence that sliced or whole almonds, specifically, are known to cause hematuria (blood in urine). However, there is some information suggesting a potential link between almond consumption and kidney stones. Here's a summary of the relevant points:

1. **Almonds and Kidney Stones**: 
   - As almond intake has increased in countries like the United States and Turkey, the prevalence of kidney stones has also risen.
   - In Turkey, where it is common for young children to eat almonds, the prevalence of kidney stones may be among the highest in the world.

2. **Kidney Stones and Hematuria**:
   - Kidney stones can cause hematuria as they move through the urinary tract, causing irritation or damage to the lining of the ureters, bladder, or urethra.

3. **Other Causes of Hematuria**:
   - Hematuria can be caused by various conditions, including urinary tract infections (UTIs), glomerulonephritis, and tumors in the urinary tract.
   - UTIs are particularly common and can cause microscopic hematuria.

### Conclusion
While there is no direct evidence that almonds or sliced almonds specifically cause blood in urine, they may contribute to the formation of kidney stones, which can lead to hematuria. If you experience blood in your urine, it is important to consult a healthcare provider to determine the underlying cause and receive appropriate treatment.",No Answer Present.
english is the official state language in some states like california,No Answer Present.,Half of the country's Spanish-speakers reside in California
how long is a voe valid,The VOE form is valid for 30 days after issuance in the spring and fall semesters and for 90 days during the summer.,The forms are valid for 30 days after issuance in the for spring and fall  semesters and for 90 days during the summer.
how do you change the ipv4 connectivity,"To change your IPv4 settings, open network settings, find your internet connection, select Internet Protocol Version 4 (TCP/IPv4), and then enter a valid IP address and ensure the subnet mask is correct.",No Answer Present.
how does focalin XR work,"Focalin XR (dexmethylphenidate hydrochloride) is an extended-release formulation of dexmethylphenidate with a bi-modal release profile. This means that half of the medication is released immediately upon ingestion, while the other half is released approximately four hours later. It is specifically designed to be taken once daily in the morning before breakfast.

Focalin XR capsules are available in 5 mg, 10 mg, 20 mg, and sometimes higher doses like 30 mg or 40 mg. The medication works by increasing the levels of dopamine and norepinephrine in the brain, which can help improve focus, attention, and impulse control in individuals with ADHD.

### Key Points:
- **Dosage Forms**: Available as extended-release capsules.
- **Dosing**: Typically taken once daily in the morning.
- **Mechanism of Action**: Increases levels of dopamine and norepinephrine in the brain to-help-with-ADHD-symptoms.
- **Release Profile**: Immediate release of half the dose, followed by a delayed release of the remaining half approximately four hours later.
- **Side Effects**: Common minor side effects include appetite suppression, dry mouth, and restlessness. These often diminish with continued use.

### Usage:
- **Indications**: Approved for treating ADHD in both adults and children.
- **Administration**: Swallow capsules whole; do not crush or chew them.

Focalin XR can provide sustained symptom relief throughout the day without the need for multiple doses, making it a convenient option for managing ADHD.",No Answer Present.
how many carbohydrates in asparagus,One-half cup of asparagus contains approximately 3.7 grams of carbohydrates.,3.7 grams carbohydrate in asparagus.
euro to kenya shillings exchange rate,No Answer Present.,No Answer Present.
how long will it take 5 shots of jack daniels to bring your bac to 0,"It would take around 6 & 1/2 hours for a fast metabolizer to have zero alcohol in their blood after consuming five shots of Jack Daniel's in one hour. For an average person, the time can vary based on factors like weight, age, and metabolism.",No Answer Present.
how to get rid of rust on trailer safety chains,"To effectively remove rust from trailer safety chains, you can follow these steps:

1. **Soak in Vinegar**:
   - Soak the chain in white vinegar for several hours. This helps to loosen and dissolve the rust.

2. **Scrub with Steel Wool or Wire Brush**:
   - After soaking, use steel wool or a wire brush to scrub away the loosened rust. A wire wheel on an electric motor can also be very effective for this step.

3. **Rinse and Dry**:
   - Rinse the chain thoroughly with water to remove any remaining vinegar and rust particles.
   - Carefully dry the chain using a clean cloth or towel to prevent further rusting during the drying process.

4. **Apply Rust Preventative**:
   - Coat the chain with a rust preventative such as oil, wax, or a rust inhibitor to protect it from future rust formation.

5. **Optional SandBlasting**:
   - For more severe rust, you can use a sandblasting method. Place the chain in a barrel with some sand and roll it around. This will help remove flaking surface rust without making the surface bright shiny but will take off the excess. It's essentially the first step they use to remove surface rust etc. when people get boat anchor chains re-galvanized."")

6. **Re-Galvanize**:
   - If you want a more professional finish, consider having the chain re-g alvanized by a professional service.

By following these steps, you can effectively remove rust from your trailer safety chains and extend their lifespan.",No Answer Present.
different types of memory of a computer,"The different types of computer memory include RAM (with subtypes DRAM and SRAM), ROM, cache memory (L1, L2, L3), flash memory (USB flash drives, memory cards), and portable permanent storage like CDs and DVDs.",DRAM (Dynamic Random Access Memory) and SODIMM (Small Outline Dual In-Line Memory Module).
symptoms of anxiety attack vs heart attack in women,"Heart attack in women can present with chest pain, discomfort in the arms, back, neck, jaw, or stomach, shortness of breath, nausea, lightheadedness, or cold sweats. Anxiety attacks may share symptoms like chest pain and shortness of breath but also include feelings of fear, dizziness, and sweating.",No Answer Present.
how many calories in average apple,An average medium-sized apple contains around 85 calories.,80 calories
how much would graduate marketers make?,"The salary for graduate marketing roles can vary widely depending on the sector, company size, and location. Based on the provided context:

- In the public sector, a graduate starting salary averaged around £22,000.
- For a Graduate Sales and Marketing role in an IT company, the starting salary was £17,000, which increased to £24,000 after 6 months.

Overall, the range for graduate marketing roles can be anywhere from £17,000 to £24,000 or more, with potential for rapid increases based on performance and negotiation.","$110,000 to $130,000 per year."
how long is marijuana in system,"The detection window for marijuana varies based on several factors, including how frequently you use it, the amount used, and your body's metabolism. Here’s a general breakdown:

- **Occasional Users**: Marijuana can be detected in the system for up to 10 days.
- **Regular Users**: It can be detected for up to 45 days.
- **Frequent or Chronic Users**: It can remain detectable for as long as 90 days.

For a mouth swab or spit test, marijuana is typically detectable for only 12 to 24 hours. However, urine tests are more common and have a longer detection window, ranging from 3 to 60 days, with some cases extending up to 90 days for heavy users.

If you need to pass a drug test, it's important to consider these factors and potentially seek methods to expedite the elimination of THC metabolites from your system.",No Answer Present.
can you set google chrome as your default web browser,"Yes, you can set Google Chrome as your default browser on your computer. Here are the steps to do so:

### On Windows:
1. **Open Chrome**: Launch Google Chrome.
2. **Click the Menu Button**: In the top-right corner of the window, click the three vertical dots (menu button).
3. **Go to Settings**: Select ""Settings"" from the dropdown menu.
4. **Find Default Browser**: Scroll down to the ""Default browser"" section.
5. **Make Chrome Default**: Click on ""Set as default"" or ""Make Google Chrome my default browser.""

### On macOS:
1. **Open System Preferences**: Click the Apple logo in the top-left corner of your screen and select ""System Preferences.""
2. **Go to General**: Click on ""General"" in the list of preferences.
3. **Change Default Web Browser**: In the ""Default web browser"" dropdown menu, select ""Google Chrome.""

### On Android:
1. **Open Settings**: Go to your device's settings app.
2. **Find Apps or Application Manager**: Scroll down and tap ""Apps"" or ""Application manager.""
3. **Select Chrome**: Tap on ""Chrome"" in the list of apps.
4. **Set as Default Browser**: Tap ""Set as default"" and then select ""Browser app.""

### On iOS:
1. **Open Settings**: Go to your device's settings app.
2. **Find Safari**: Scroll down and tap ""Safari.""
3. **Change Default Browser App**: Tap ""Default Browser App,"" and then select ""Google Chrome.""

By following these steps, you can set Google Chrome as your default browser on various operating systems.","Yes, While you can set Chrome as a default browser through the settings, it's much more reliable to use the system settings to ensure the change sticks."
how to repair the clear coat on auto paint,"To repair clear coat damage or issues, follow these general steps:

1. **Assess the Damage**: Determine if the damage is only in the clear coat or has penetrated deeper into the paint.

2. **Clean the Area**: Wash the affected area thoroughly to remove any dirt, grime, or wax. Use a clay bar to ensure the surface is smooth and free of contaminants.

3. **Sand the Surface**:
   - For minor scratches: Start with 1500-grit sandpaper, followed by 2000-grit sandpaper.
   - For deeper scratches: Begin with coarser grit (e.g., 800-1000) to level the surface, then progress to finer grits (1500 and 2000).

4. **Rinse and Inspect**: Periodically rinse the area with water to check your progress and ensure you haven’t sanded too deeply.

5. **Polish the Area**:
   - Use a polishing compound and a dual-action polisher or orbital buffer to smooth out the sanded surface.
   - For minor issues, a detailer’s clay and a high-quality polish can sometimes be enough.

6. **Apply Clear Coat** (if necessary):
   - If the damage is significant and you’ve sanded through the clear coat, apply a new layer of clear coat. Ensure the area is clean and free of dust before application.
   - Follow the manufacturer’s instructions for drying and curing times.

7. **Buff and Wax**:
   - Once the clear coat has cured, buff the area to remove any hazing or imperfections.
   - Apply a high-quality wax or sealant to protect the new finish.

8. **Final Inspection**: Check the repaired area under different lighting conditions to ensure it blends seamlessly with the surrounding paint.

If you’re not confident in your ability to perform these steps, consider consulting a professional detailer or painter to avoid further damage.",No Answer Present.
how much fat is in a bubba burger,"The provided context does not contain specific information about the fat content of Bubba Burgers. However, from the initial data given, it appears that a standard Bubba Burger contains 9 grams of fat (as seen in the ""Food Serving"" table for a Hamburger with 33 grams of fat per 3.7 oz serving). 

For more accurate and specific information about Bubba Burgers, you might want to refer to the nutritional facts provided by the manufacturer or the restaurant's official nutrition guide. If you have a different type of Bubba Burger in mind, please provide more details.",340 calories in a 1 burger serving out of which 70% fat.
how long was the first alien movie,No Answer Present,No Answer Present.
buick license plates,No Answer Present,No Answer Present.
how much is a cost to run disneyland,No Answer Present. The provided contexts discuss ticket prices but not the operational costs of running Disneyland.,"Around $355,000 per day."
bret who wrote roaring camp,"Bret Harte wrote ""The Luck of Roaring Camp.""",No Answer Present.
symptoms of bipolar i disorder,"The primary symptoms of Bipolar I Disorder include dramatic and unpredictable mood swings, periods of elevated or irritable mood (mania) with increased energy and activity, and episodes of depression. Manic periods can last from days to months, often followed by depressive episodes.",No Answer Present.
biology role of carbohydrates and fats as energy source,"Carbohydrates serve as an immediate source of energy for cells, while fats provide a long-term energy reserve that can be stored in the body. Both carbohydrates and fats are oxidized to release chemical energy used by cells.",No Answer Present.
how much is too much bowel movement,"More than 3 watery stools a day could indicate diarrhea, suggesting that this frequency can be considered too much bowel movement.",No Answer Present.
how long is a flight feom sfo to floruda,The average flight time from San Francisco to Florida is approximately 4 hours and 46 minutes to Orlando or 5 hours and 18 minutes to Ft Lauderdale.,No Answer Present.
causes of scar tissue inside of kidney.,"Causes of scar tissue inside the kidney include infections such as urinary tract infections, systemic diseases like lupus or diabetes, and high blood pressure leading to glomerulosclerosis.",No Answer Present.
how long do you charge a cellairis,No Answer Present,No Answer Present.
common symptoms of acute vascular insufficiency include quizlet,"It seems that the provided context does not contain specific information about the symptoms of acute vascular insufficiency or acute vascular failure, which I assume you are asking about under ""acute vascular failure.""

However, based on general medical knowledge, here are some common signs and symptoms of acute vascular failure:

1. **Severe Hypotension (Low Blood Pressure)**
2. **Tachycardia (Rapid Heart Rate)**
3. **Cold, Clammy Skin**
4. **Decreased Urine Output**
5. **Altered Mental Status (Confusion, Drowsiness)**
6. **Weak or Rapid Pulse**
7. **Cyanosis (Bluish Skin Coloration)**
8. **Shortness of Breath**
9. **Fatigue and Weakness**
10. **Pallor (Pale Skin)**
11. **Nausea and Vomiting**

If you need more specific information or context, please provide additional details or clarify the specific condition you are interested in.",No Answer Present.
how long should a central air conditioner last,"A central air conditioner can last between 10 to 20 years, sometimes longer, with regular maintenance. Regular service can help ensure it reaches its maximum lifespan.",10 to 20 years
